﻿<?xml version="1.0" encoding="utf-8"?>
<manifest identifier="_6FvftNHitCk_course_id" version="1.0" xmlns="http://www.imsproject.org/xsd/imscp_rootv1p1p2" xmlns:adlcp="http://www.adlnet.org/xsd/adlcp_rootv1p2" xmlns:xsi="http://www.w3.org/2001/XMLSchema-instance" xsi:schemaLocation="http://www.imsproject.org/xsd/imscp_rootv1p1p2 imscp_rootv1p1p2.xsd http://www.imsglobal.org/xsd/imsmd_rootv1p2p1 imsmd_rootv1p2p1.xsd http://www.adlnet.org/xsd/adlcp_rootv1p2 adlcp_rootv1p2.xsd">
  <metadata>
    <schema>ADL SCORM</schema>
    <schemaversion>1.2</schemaversion>
    <lom xmlns="http://www.imsglobal.org/xsd/imsmd_rootv1p2p1" xmlns:xsi="http://www.w3.org/2001/XMLSchema-instance" xsi:schemaLocation="http://www.imsglobal.org/xsd/imsmd_rootv1p2p1 imsmd_rootv1p2p1.xsd">
      <general>
        <title>
          <langstring xml:lang="x-none">Interactive-Organisation of the Human Body</langstring>
        </title>
      </general>
      <lifecycle>
        <version>
          <langstring xml:lang="x-none">1</langstring>
        </version>
        <status>
          <source>
            <langstring xml:lang="x-none">LOMv1.0</langstring>
          </source>
          <value>
            <langstring xml:lang="x-none">Final</langstring>
          </value>
        </status>
      </lifecycle>
      <metametadata>
        <metadatascheme>ADL SCORM 1.2</metadatascheme>
      </metametadata>
      <educational>
        <typicallearningtime>
          <datetime>PT0H0M0S</datetime>
        </typicallearningtime>
      </educational>
      <rights>
        <cost>
          <source>
            <langstring xml:lang="x-none">LOMv1.0</langstring>
          </source>
          <value>
            <langstring xml:lang="x-none">yes</langstring>
          </value>
        </cost>
        <copyrightandotherrestrictions>
          <source>
            <langstring xml:lang="x-none">LOMv1.0</langstring>
          </source>
          <value>
            <langstring xml:lang="x-none">yes</langstring>
          </value>
        </copyrightandotherrestrictions>
      </rights>
    </lom>
  </metadata>
  <organizations default="Interactive-Organisation_of_the_Human_Body_ORG">
    <organization identifier="Interactive-Organisation_of_the_Human_Body_ORG">
      <title>Interactive-Organisation of the Human Body</title>
      <item identifier="Interactive-Organisation_of_the_Human_Body_SCO" isvisible="true" identifierref="__6FvftNHitCk_course_id_RES">
        <title>Interactive-Organisation of the Human Body</title>
      </item>
    </organization>
  </organizations>
  <resources>
    <resource identifier="__6FvftNHitCk_course_id_RES" type="webcontent" href="index_lms.html" adlcp:scormtype="sco">
      <file href="story_content/thumbnail.jpg" />
      <file href="mobile/5jK3LLVA8Yy_80_DX1704_DY1704_CX1540_CY851.jpg" />
      <file href="story_content/video_6T20fjlMS4n_22_48_852x470.mp4" />
      <file href="mobile/poster_65XGG0zlWpo_video_6T20fjlMS4n_22_48_852x470.jpg" />
      <file href="story_content/video_5dPqZgw4OWV_22_48_852x470.mp4" />
      <file href="mobile/poster_6FV2Kil2Ux2_video_5dPqZgw4OWV_22_48_852x470.jpg" />
      <file href="story_content/video_6aNDTvTquVe_22_48_852x470.mp4" />
      <file href="mobile/poster_66cKs0C3Uur_video_6aNDTvTquVe_22_48_852x470.jpg" />
      <file href="story_content/video_6l69cn3UJZS_22_48_852x470.mp4" />
      <file href="mobile/poster_6ZcmnlAW4o3_video_6l69cn3UJZS_22_48_852x470.jpg" />
      <file href="story_content/video_6X8XzmfXMW5_22_48_852x470.mp4" />
      <file href="mobile/poster_6b28yDthliE_video_6X8XzmfXMW5_22_48_852x470.jpg" />
      <file href="story_content/video_6oFyGtfZjHK_22_48_852x470.mp4" />
      <file href="mobile/poster_6anD2bZgHmP_video_6oFyGtfZjHK_22_48_852x470.jpg" />
      <file href="story_content/video_6j8yb58SWIa_22_48_852x470.mp4" />
      <file href="mobile/poster_69WJHQjCUoD_video_6j8yb58SWIa_22_48_852x470.jpg" />
      <file href="story_content/video_6PKkseXcKcD_22_48_852x470.mp4" />
      <file href="mobile/poster_6Svg2QsDPR3_video_6PKkseXcKcD_22_48_852x470.jpg" />
      <file href="story_content/video_6AAnawVeCjv_22_48_852x470.mp4" />
      <file href="mobile/poster_5qxLz0MjzRT_video_6AAnawVeCjv_22_48_852x470.jpg" />
      <file href="story_content/video_6erBihjFX0S_22_48_852x470.mp4" />
      <file href="mobile/poster_62uO0HAcXGP_video_6erBihjFX0S_22_48_852x470.jpg" />
      <file href="story_content/video_626CZ5smoLJ_22_48_852x470.mp4" />
      <file href="mobile/poster_5wtHmtJW7vh_video_626CZ5smoLJ_22_48_852x470.jpg" />
      <file href="story_content/video_6fKqNASFpsV_22_48_852x470.mp4" />
      <file href="mobile/poster_5rXZC5aSw0E_video_6fKqNASFpsV_22_48_852x470.jpg" />
      <file href="meta.xml" />
      <file href="story_content/user.js" />
      <file href="mobile/Shape5V1djiDPzgH.png" />
      <file href="mobile/Shape5ieKiKvy8sw.png" />
      <file href="mobile/Shape69RUno55RHq.png" />
      <file href="mobile/Shape5iYsitlNdhp.png" />
      <file href="mobile/Shape6F6OzWLlrhW.png" />
      <file href="mobile/Shape672Tfa54BLe.png" />
      <file href="mobile/Shape6YMlDDFL7I5.png" />
      <file href="mobile/Shape6GfxHLBaKtA.png" />
      <file href="mobile/Shape5XphwmKyRPr.png" />
      <file href="mobile/Shape66KL2UaLUae.png" />
      <file href="mobile/Shape6knDyZoS49R.png" />
      <file href="mobile/Shape5pcmTKKawYP.png" />
      <file href="mobile/Shape5mARN4b4f2X.png" />
      <file href="mobile/Shape654iGHTXWE7.png" />
      <file href="mobile/Shape5tvuiZMEwiO.png" />
      <file href="mobile/Shape6KetdHCinJU.png" />
      <file href="mobile/Shape6EgvAB7m2n3.png" />
      <file href="mobile/Shape6SXABxGrGFB.png" />
      <file href="mobile/Shape6kEIauId6oE.png" />
      <file href="mobile/Shape5kNcuvXN4VU.png" />
      <file href="mobile/Shape6qdfc2oQkDJ.png" />
      <file href="mobile/Shape626dkMe0cxB.png" />
      <file href="mobile/Shape6HV9NkPBzUA.png" />
      <file href="html5/data/css/output.min.css" />
      <file href="html5/data/js/5aHaCr9quE3.js" />
      <file href="html5/data/js/5g0jqWemaRI.js" />
      <file href="html5/data/js/5ruJKE4ZkvM.js" />
      <file href="html5/data/js/5vXb37YwIPd.js" />
      <file href="html5/data/js/5W9y72gWVST.js" />
      <file href="html5/data/js/5wKxunDRsLb.js" />
      <file href="html5/data/js/5yNXmhYjYuJ.js" />
      <file href="html5/data/js/5Z5ehkHnvea.js" />
      <file href="html5/data/js/60x91UfqVRE.js" />
      <file href="html5/data/js/69ekxTdst4j.js" />
      <file href="html5/data/js/6BuAn0eko0u.js" />
      <file href="html5/data/js/6olze0Flznu.js" />
      <file href="html5/data/js/6Z9SYVKdt8u.js" />
      <file href="html5/data/js/data.js" />
      <file href="html5/data/js/frame.js" />
      <file href="html5/data/js/paths.js" />
      <file href="html5/lib/scripts/bootstrapper.min.js" />
      <file href="html5/lib/scripts/frame.desktop.min.js" />
      <file href="html5/lib/scripts/frame.mobile.min.js" />
      <file href="html5/lib/scripts/slides.min.js" />
      <file href="html5/lib/stylesheets/desktop.min.css" />
      <file href="html5/lib/stylesheets/mobile.min.css" />
      <file href="html5/lib/stylesheets/mobile-fonts/open-sans-bold.woff" />
      <file href="html5/lib/stylesheets/mobile-fonts/open-sans-light.woff" />
      <file href="html5/lib/stylesheets/mobile-fonts/open-sans-regular.woff" />
      <file href="analytics-frame.html" />
      <file href="story.html" />
      <file href="index_lms.html" />
      <file href="lms/AICCComm.html" />
      <file href="lms/blank.html" />
      <file href="lms/browsersniff.js" />
      <file href="lms/goodbye.html" />
      <file href="lms/LICENSE.txt" />
      <file href="lms/scormdriver.js" />
    </resource>
  </resources>
</manifest>